round,loss_supcon,loss_ce,mean_acc_local,mean_acc_pers,mean_f1_local,mean_f1_pers
1,5.770180794397991,0.6791366962591807,0.39724928744284094,0.39327332777157853,0.29747841351643606,0.3235243889055553
2,5.429653437932332,0.6604442393779755,0.46848829853285834,0.6798963161127507,0.36965403529809726,0.6004415772096033
3,5.1897796026865635,0.6318740300337474,0.5635931736389459,0.7415023526014684,0.5006389570837859,0.6337495128542552
4,5.263037497202555,0.6355652836958567,0.5747144226478239,0.873737089369732,0.49916926965590547,0.6948961336033674
5,5.134377826054891,0.6206238627433777,0.6500044360643422,0.937075788387386,0.5513954298301829,0.7376834204080553
6,5.20902984937032,0.6174783837795257,0.6339388150341524,0.9495230812217859,0.5518005184845513,0.757225504602482
7,5.105639543533325,0.6088324677944184,0.671874188057803,0.9577898554266472,0.5594574078179088,0.7957397110309046
8,5.180890769958497,0.6077595583597819,0.6662739456462895,0.9538904538411719,0.5655679465012791,0.7773637578719079
9,5.084043560028077,0.5959972953796386,0.7455237728505684,0.9527072019268394,0.6053448452392346,0.7703185631093974
10,5.161030371983846,0.6068407396475474,0.6986714996802675,0.9599777567224398,0.5847948727105585,0.8004450750498964
11,5.067276573181152,0.590480752189954,0.7811853499125552,0.9603579091796797,0.6277953375293382,0.8075255811411216
12,5.143329633076986,0.5960800172885259,0.7337868973311612,0.9611734969070358,0.5992860916049563,0.8064212271632578
13,5.0698658307393405,0.5829456110795339,0.751687760883045,0.9614557068696328,0.6006564825393811,0.804134461881324
14,5.13743977546692,0.5929067182540894,0.7061402960220207,0.9639651553998101,0.5705614291096203,0.8292540837251132
15,5.060237401326497,0.5835305265585582,0.7539629452098361,0.9628002788604245,0.6018504549906002,0.8219394293450996
16,5.128014777501424,0.5930128928025562,0.6811844889858585,0.9633672853075119,0.5440689640381822,0.8294673742166203
17,5.062618761062622,0.57596777399381,0.7556040660672965,0.9622658081771316,0.6024001191141096,0.8298698935170159
18,5.127187445958455,0.5892670553922654,0.6683158043388204,0.9640142159047436,0.5251567153205207,0.8341403718466507
19,5.052451728185018,0.575688789288203,0.7566105660825646,0.9638196460035934,0.6027773236401769,0.838125809134505
20,5.123581609725951,0.5881782201925914,0.6513459023579597,0.9622369518537643,0.5079961072386419,0.8150497195321523
21,5.056274239222208,0.5733743552366892,0.7574908464798726,0.963088197412481,0.6027598280444805,0.8268544440135133
22,5.123995513916015,0.5824441699186962,0.6433381428296971,0.963825533108277,0.4979396517690535,0.8482806487758219
23,5.042173938751221,0.5715961251656214,0.7578142225208764,0.9631317496703682,0.6026798354266908,0.8406911080904562
24,5.114769684473673,0.5830975874265034,0.6208869901375624,0.9662686386771071,0.47170956457747426,0.8690393553267657
25,5.048533398310344,0.5652739236752191,0.7616735727736674,0.9652011472595033,0.6043313294816417,0.8658572191387891
26,5.117651335398357,0.5742601899305979,0.6063293082531324,0.965966024190531,0.4556135865904445,0.8568987804425827
27,5.049676243464152,0.5661996873219808,0.7619478883097377,0.9703476920596108,0.6045349465859524,0.8781733281173504
28,5.115871861775716,0.5761356683572134,0.6050103138301071,0.9692831223671596,0.45275487238471335,0.8381750803360558
29,5.043511409759521,0.562729496161143,0.7611499400692432,0.9646058418619099,0.603530841957576,0.8470413769894847
30,5.112270148595174,0.5710313576459884,0.5996975199065444,0.9705022106280767,0.4455061743258727,0.8767569866310554
31,5.0472709051767985,0.559551762541135,0.7601337168208291,0.9691862946182392,0.6024799727729488,0.8366604512314864
32,5.112183701197306,0.5704502503077189,0.5997480740148378,0.9708637873679565,0.44374842449232765,0.8546259202224742
33,5.04311027208964,0.5572627186775208,0.7581095436081651,0.970017693025838,0.6000990987543853,0.8477544658423997
34,5.116548643112184,0.5691477843125662,0.5967879805615411,0.9651608955844061,0.4387869564205645,0.8379826496998964
35,5.043823623657227,0.5545130751530329,0.6745908280611552,0.9714217846427946,0.5233800383159389,0.8563823650220583
36,5.10912454287211,0.5695853694279989,0.5982810273280803,0.968898376066183,0.43810800914968984,0.8265857463421407
37,5.051181116104126,0.5549533434708913,0.6556589938765349,0.9719086884245138,0.5057330833841733,0.8790958057576326
38,5.114596894582113,0.5652473080158233,0.5953152252853242,0.9701075407515412,0.43388276556850414,0.8556420630582129
39,5.049124380747477,0.5530815150340398,0.6273915096020346,0.969483022000132,0.47841882467856645,0.8358391307627853
40,5.118561639785767,0.5624336526791254,0.5965075081990951,0.9710365027961456,0.4323024692509926,0.8663961363867259
41,5.0412396049499515,0.5507057760159174,0.6186405054461035,0.9710359454232842,0.4691735052881435,0.8607077063218163
42,5.118293228149414,0.5624640421072642,0.6006965004552107,0.9709789904918239,0.432421315719249,0.8593241410441363
43,5.042711874643961,0.5522805561621984,0.6051010541319306,0.9714074675659119,0.4548224176305836,0.8840837344437661
44,5.108982874552408,0.5582902022202809,0.5999681739316641,0.9706069328035238,0.43210145233757735,0.8609211386810003
45,5.042082980473836,0.5518060425917308,0.5948513382743791,0.9720371157067301,0.44362213502874903,0.8748677223140827
46,5.119620024363201,0.5628703904151917,0.6044485638378502,0.9721852116248404,0.4326559958680657,0.8928641724467533
47,5.039080098470052,0.5502727456887564,0.5911092639488655,0.9660474201168461,0.43809742252823897,0.8603862411443618
48,5.111757488250732,0.5614861170450847,0.6008800975166462,0.9711948793202629,0.4290508299683743,0.8643617768993751
49,5.050584036509196,0.5463052292664846,0.5909084717397725,0.9715821903159441,0.4359437936387478,0.8685151849132878
50,5.100881786346435,0.553245516816775,0.6065429816218905,0.9719717089758817,0.4316658025974659,0.8794850046645266
51,5.03703564008077,0.5468147192398707,0.5968993257297572,0.9719096028278233,0.4383919115884053,0.869968629027916
52,5.109676122665405,0.5609939481814703,0.6023538545049287,0.9732365353317534,0.42800083537338246,0.9053897779722466
53,5.048174304962158,0.5469984151919682,0.5957636843713763,0.9718166330345543,0.43630762780840415,0.8679886344636379
54,5.110714371999105,0.5578355977932612,0.602160399349501,0.9752959656909517,0.42668952373403846,0.8462650444514644
55,5.0403311189015705,0.5469185034434001,0.6018894101211222,0.9724705436550032,0.43819418107320296,0.879967873327516
56,5.105055853525798,0.556226787964503,0.6006675529253751,0.9773626200701583,0.42604743427152714,0.8974244226121555
57,5.04291012763977,0.5474286146958669,0.6099256213902136,0.9786368126287276,0.4400512651113263,0.9134728587965011
58,5.102160924275717,0.5548795773585637,0.598785967383775,0.9771583051086732,0.42220293745559817,0.8873025243878192
59,5.045329271952311,0.5467133659124374,0.6156711946827197,0.9727990490854159,0.4421923978190438,0.8626594391183555
60,5.106046371459961,0.5569130130608877,0.5973710377879499,0.9749042830211357,0.42067649089663506,0.9217906553279893
61,5.04600609143575,0.5435946625471115,0.626209674116358,0.9705560216647822,0.44642424524918733,0.8367243835569347
62,5.111394936243693,0.5555945765972137,0.5973734457946193,0.9741941533573122,0.41926848430488295,0.9173561738304619
63,5.04774777730306,0.5477438626686733,0.6273344993230594,0.9731380354642492,0.44683320686850103,0.8667528607881794
64,5.101834535598755,0.5560650571187338,0.5946394999485798,0.9742904237333712,0.4160069588530088,0.8968326469220356
65,5.0500810464223225,0.5455448158582051,0.6301234146059048,0.9738665405030198,0.4476959332474825,0.8750811236966162
66,5.1050079027811694,0.5558699889977773,0.5955682834779601,0.9752489561622393,0.4160799282626147,0.8972399024372064
67,5.040989116032918,0.5477054158846537,0.6350208644072601,0.9751150206329766,0.44999788656331996,0.912440713291764
68,5.1038057867685955,0.5601619648933409,0.5952418508509574,0.9744725053642578,0.4110829874774613,0.9077651925956586
69,5.03792641321818,0.5508672054608663,0.6347799990382941,0.9751061681487625,0.4491402626244816,0.8491336688852453
70,5.104917799631755,0.5577713735898335,0.5947608341739218,0.9778083577734706,0.41079962624067834,0.906928661995736
71,5.040971428553263,0.5485129233201345,0.6343542870013237,0.9781173949104027,0.44886913649897986,0.9032933551463838
72,5.110157308578492,0.5545895518859227,0.5997492246195139,0.9783509232257035,0.4136580789968484,0.9137653102612793
73,5.047216974894206,0.544379286368688,0.6346723333105052,0.9778667844811019,0.4489209906312214,0.9018225544284707
74,5.098265008926392,0.5632275497913359,0.5980237861105857,0.9778829521917927,0.4117746226010478,0.9039301526252328
75,5.042248175938925,0.5432193924983343,0.6349589586016148,0.9773313775673105,0.4491172103349075,0.8796685475117438
76,5.10944606145223,0.5550083891550699,0.5969000538224181,0.9776200320074523,0.4120662739416492,0.9037209699804812
77,5.041097103754679,0.5490513072411219,0.6347658604766355,0.9782902888538159,0.44859028181565064,0.9025783565861268
78,5.110743897755941,0.5561506821711858,0.599086862199677,0.9782318621461847,0.41325416415387206,0.9034743591291062
79,5.041120869318643,0.5482670452197393,0.6344046407672039,0.9785445787235441,0.4482388664708559,0.9133237161074199
80,5.102955404917399,0.5577310772736868,0.5965269250427733,0.9740521230591096,0.4091145421396085,0.899541812283891
81,5.043373165130616,0.5497064395745594,0.634195553446758,0.9783156442519801,0.44792814909500933,0.903300306067859
82,5.109768622716268,0.5571450010935466,0.5952321494450005,0.9778715568400628,0.4082774020789824,0.8898162814093877
83,5.039678332010904,0.547207906047503,0.6349916728806335,0.9747820998740512,0.44852959415302496,0.921996045925615
84,5.108436574935913,0.5615144940217336,0.596304056191117,0.97841008582142,0.40890503600673966,0.9118156352833267
85,5.0460691610972095,0.5513888635238012,0.6353819274286565,0.9781611256835141,0.44853639209787255,0.9052848678801548
86,5.1095565414428705,0.5588321034113566,0.5971896663202474,0.9781186881713495,0.4086532390843586,0.9235369241406145
87,5.038517255783082,0.5420942709843318,0.6348086768464373,0.9775492955447818,0.44817307275198504,0.9095890010252385
88,5.09738912900289,0.5622974107662836,0.59489427781189,0.977717595644458,0.4068450304402519,0.9082730782354108
89,5.041075528462728,0.5479503252108893,0.6353058612341637,0.9785721417859646,0.44852090707489667,0.9269277052223254
90,5.106225131352742,0.5636182785034181,0.5959165666802118,0.9744195869036729,0.4081842184233393,0.8984522377604429
91,5.044321146011352,0.5482484722137451,0.634658752121708,0.9787529301559046,0.44789052676971913,0.9086102412808885
92,5.107705602645874,0.5619072045882543,0.5975966459518224,0.9738094070563355,0.4082959782932421,0.8906148101330067
93,5.04652117729187,0.5438650711377462,0.6348652747474494,0.9781925467015861,0.44770480821666,0.9134100616173905
94,5.111669740676879,0.5567585508028665,0.5952755231876636,0.9739352696438472,0.4073468956965838,0.9007774260631687
95,5.046502990722656,0.5466770917177199,0.6350106056284419,0.9766552336162633,0.4479717864156336,0.8735427052285236
96,5.111286697387696,0.5620505783955256,0.5982512924603567,0.9740374271245897,0.4085846817720157,0.9074379284420278
97,5.045429992675781,0.5478102338314056,0.6355046679486024,0.9784163299565518,0.4492497412190477,0.9042431503071768
98,5.104876476923625,0.56114031513532,0.5964326838157464,0.9745647392694412,0.40794485183830487,0.904401819311776
99,5.0465620994567875,0.5519571894407271,0.6353255298700575,0.9783033344969407,0.4479583841766197,0.9042657128658673
100,5.109058144887288,0.562148633201917,0.5951487680240313,0.9752947160843829,0.4055340001332033,0.925047614672239
